mensagem,telefone
Laura Alves,5511949571603
Giovanna Lima,551140037215
Enzo Gomes,558000304001
Mariana Costa,558189454341
Pedro Ribeiro,553140094040
Lívia Martins,551332958000
Guilherme Carvalho,553134295130
Heloísa Almeida,559885983390
Nicolas Soares,555195210536
Lorenzo Nunes,551221395822
Yasmin Machado,554533281033
Benjamin Rocha,557391928500
Cecília Silva,555197258619
Gustavo Santos,551146176777
Maria Luiza Oliveira,551130271777
Felipe Souza,558581959191
Eloá Rodrigues,558008404000
Davi Ferreira,556293638266
Ana Clara Alves,5515997411673
João Gabriel Pereira,5511963174461
Lorena Lima,551130871700
Murilo Gomes,554833811166
Lara Costa,554833811175
Daniel Ribeiro,552135279000
Melissa Martins,557598552288
Breno Carvalho,554188281536
Esther Almeida,556136863221
Emanuel Soares,556231421435
Isis Fernandes,553198790020
Caio Nunes,556536850303
Elisa Machado,556634116090
Vinícius Rocha,556137992000
Antonella Silva,556134217000
Eduardo Santos,558007703355
Rafaela Oliveira,551140537000
Vicente Souza,5511950382640
Lavínia Rodrigues,558192302991
Francisco Ferreira,553125108626
Isabelly Alves,5511953246958
Bryan Pereira,551236252555
Marina Lima,551143368100
Rodrigo Gomes,551140035562
Ana Júlia Costa,553121223085
Cauã Ribeiro,556139950289
Sarah Martins,5527998497670
Igor Carvalho,5521984923994
Clarice Almeida,5511974291030
Antônio Soares,558008020800
Letícia Fernandes,555133202500
Leonardo Nunes,555432114044
Rebeca Machado,5511964680111
Isaac Pereira,556195958238
Alícia Lima,5515991125000
Henry Gomes,553139726060
Ana Laura Costa,553125122200
Arthur Ribeiro,554341414295
Agatha Martins,5511943695883
Benício Carvalho,554830944000
Evelyn Almeida,551130472511
Lucca Soares,5511941411152
Nicole Fernandes,558521806905
Davi Lucca Nunes,557135613359
Erick Rocha,553183070894
Maitê Silva,556333220455
João Miguel Santos,552127822222
Liz Oliveira,557132034000
João Pedro Souza,556232563230
Vitória Rodrigues,554134031039
Enzo Gabriel Ferreira,554333777020
Maria Eduarda Alves,558293250571
Miguel Pereira,554433559500
Bianca Lima,5511947034741
Arthur Gomes,551932415341
Clara Costa,558581161300
Heitor Ribeiro,554130723030
Gabriela Martins,555537449345
Bernardo Carvalho,554933190800
Ana Beatriz Almeida,556239569555
Davi Soares,551332852100
Júlia Fernandes,5521966475411
Samuel Nunes,556635668188
Manuela Machado,555121211800
Lucas Rocha,553132960505
Isabella Silva,551142103670
Theo Santos,558585450115
Sophia Oliveira,554935500181
Matheus Souza,555535126244
Alice Rodrigues,554934444333
Rafael Ferreira,554332941616
Laura Alves,551135061000
Giovanna Lima,555135335522
Enzo Gomes,555131195656
Mariana Costa,5511918506255
Pedro Ribeiro,556240002828
Lívia Martins,552126962060
Guilherme Carvalho,554833811150
Heloísa Almeida,552130300033
Nicolas Soares,5511940650395
Isadora Fernandes,5511912700555
Lorenzo Nunes,554933400770
Yasmin Machado,556733570440
Benjamin Rocha,558191100741
Vinícius Rocha,551141113553
Antonella Silva,557199336089
Eduardo Santos,554132921997
Rafaela Oliveira,551637228045
Vicente Souza,554896108887
Francisco Ferreira,551121101198
Isabelly Alves,557436124037
Bryan Pereira,551150181900
Marina Lima,551151983421
Ana Júlia Costa,557781521919
Cauã Ribeiro,554788372421
Sarah Martins,551131985814
Igor Carvalho,554797632406
Clarice Almeida,551149508300
Antônio Soares,555530032004
Letícia Fernandes,553193582238
Leonardo Nunes,556239411003
Rebeca Machado,5512991371191
Raul Rocha,554432331316
Yasmin Silva,551129157979
Noah Santos,5511943295745
Catarina Oliveira,551130594078
Otávio Souza,5521995540559
Amanda Rodrigues,5511976052954
Pietro Ferreira,558433166000
Olivia Alves,551148003969
Isaac Pereira,556183400018
Alícia Lima,556282010005
Henry Gomes,551151998303
Arthur Ribeiro,551532182562
Agatha Martins,553899208486
Benício Carvalho,552136131714
Evelyn Almeida,554699836985
Lucca Soares,553192065194
Nicole Fernandes,5511953001601
Davi Lucca Nunes,555182740505
Helena Machado,558540128787
Erick Rocha,5521997148131
Maitê Silva,551159903760
João Miguel Santos,5527999765168
Liz Oliveira,552138847177
João Pedro Souza,558198220549
Enzo Gabriel Ferreira,554788941510
Miguel Pereira,5511915620248
Bianca Lima,554733726500
Arthur Gomes,551127200510
Gabriela Martins,552133418687
Bernardo Carvalho,5511947985761
Samuel Nunes,551151985337
Davi Soares,5519971225789
Júlia Fernandes,553132248720
Samuel Nunes,554196400024
Manuela Machado,551130770029
Lucas Rocha,5511935026235
Isabella Silva,5511990234603
Theo Santos,5516992935448
Sophia Oliveira,5511949712017
Matheus Souza,558006477778
Alice Rodrigues,5511988350248
Rafael Ferreira,5511951985481
Laura Alves,551131354148
Miguel Pereira,554799459234
Giovanna Lima,554832033076
Enzo Gomes,551151987122
Mariana Costa,5511997391686
Pedro Ribeiro,554788251968
Lívia Martins,554733213338
Guilherme Carvalho,554830353020
Heloísa Almeida,554130731850
Nicolas Soares,5511943124589
Isadora Fernandes,5511974438273
Lorenzo Nunes,555197703836
Yasmin Machado,552721247700
Benjamin Rocha,557138388816
Cecília Silva,557721019898
Gustavo Santos,551132302272
Maria Luiza Oliveira,5512981496772
Felipe Souza,551146134566
Eloá Rodrigues,558193060089
Davi Ferreira,558005910127
Ana Clara Alves,5511951946488
João Gabriel Pereira,557491175264
Lorena Lima,558193265557
Murilo Gomes,557999171612
Lara Costa,555499486446
Daniel Ribeiro,551144479000
Melissa Martins,5511974627106
Breno Carvalho,558132684529
Esther Almeida,551236454799
Emanuel Soares,551149757373
Vinícius Rocha,558534043073
Antonella Silva,558533364097
Eduardo Santos,551127816366
Rafaela Oliveira,551151230176
Vicente Souza,555132097585
Lavínia Rodrigues,551833222132
Francisco Ferreira,5511991378503
Isabelly Alves,5511998034116
Bryan Pereira,5521980290372
Marina Lima,551142000355
Ana Júlia Costa,558420101010
Cauã Ribeiro,558781061667
Igor Carvalho,554896839586
Clarice Almeida,5517992517266
Antônio Soares,554791722981
Letícia Fernandes,556434042204
Leonardo Nunes,5511952745364
Rebeca Machado,554931978992
Noah Santos,558140421234
Catarina Oliveira,5511991965700
Otávio Souza,552733465301
Amanda Rodrigues,5515997558135
Pietro Ferreira,5511996933821
Olivia Alves,556121069777
Isaac Pereira,5511917741727
Alícia Lima,554598127983
Henry Gomes,554820128100
Ana Laura Costa,553298051938
Arthur Ribeiro,556932244493
Agatha Martins,554333283241
Benício Carvalho,558541170303
Evelyn Almeida,555195480840
Lucca Soares,555533225694
Nicole Fernandes,553299371769
Davi Lucca Nunes,558133611650
Helena Machado,556231420642
Erick Rocha,554733316685
Maitê Silva,5518996138029
João Miguel Santos,5511943688656
Liz Oliveira,553199300419
João Pedro Souza,551937567590
Vitória Rodrigues,554792888025
Enzo Gabriel Ferreira,559292680202
Maria Eduarda Alves,554736313020
Miguel Pereira,554799519883
Bianca Lima,5511986940094
Clara Costa,556134751400
Heitor Ribeiro,558581544865
Gabriela Martins,554130957296
Bernardo Carvalho,551151023333
Ana Beatriz Almeida,551140401841
Davi Soares,5518997367411
Júlia Fernandes,5511971890503
Samuel Nunes,551151978049
Manuela Machado,551149351070
Lucas Rocha,556139685050
Isabella Silva,554799220093
Theo Santos,5515997721834
Sophia Oliveira,557534725727
Matheus Souza,552120187443
Alice Rodrigues,552124411500
Rafael Ferreira,554792649577
Laura Alves,553140404824
Miguel Pereira,553197621002
Enzo Gomes,555195838675
Mariana Costa,554799278951
Pedro Ribeiro,554488248738
Lívia Martins,558005917796
Guilherme Carvalho,554891568310
Heloísa Almeida,551151942649
Nicolas Soares,556133720055
Isadora Fernandes,557799020606
Lorenzo Nunes,558530991100